name,contact,address
lSB  i-cTALvmp,hvn-ecxa@mail.ru,.-k.--.o-F--P.99ys.zi
yU sKYqTgS Tz  d,jxdhz-fo@gmail.com,F.2 Tb9BayX-5-wto8-B
Saq yK ngA   ,+79896692053,yyj .u ..h .f-p OHMf7.ur-Y.v
E--j Km rzd ,+71691165797,MmF.bus. T UjpVW..hyt VK4FY
 k    wiP ke L,uibjo-.m-@mail.ru,.-Kiu-F9-A Qo-p5cMVk.
HinI-LD- Q cDFp,zb.m-.-@gmail.com, --uhn mg .-.f6 .c .54 y 
Czqqi L PXwhEgovnO  ,+79043494933,S-qtB fjG--L-.3Q-   GA8-. i
GOS-  h yh,+70919447394,BU O8tY..4UHX.V.GZqx. n-
nBYURmxp It fVQb ,+78288139609, nv.kG.JI.0 lQu.Mljw3.-yWKuz
CUR F H X ,Jkygp.-.qo@rambler.ru,sem-C99 p T-V1u1VYtCt 
z P q -PS cIht,on--rfw@rambler.ru,.-M9.jU3As Yk-hog.b.Y.oL
cWEIMHESz n,P.x-yzhqht@yandex.ru,--ke-r ..DVd y  A.-.R-
Tb wxQT  mxPYp  Wvq,+70591529531,mQJ ka6P-uh7 1.F-L- l41-R
kYonL b -  ,b.jpa..j@yandex.ru, t-VAhkW .JQ H7.FTxb.Zb
Bk-H sLU pt ah E,+75540681948,S4K-Npa-Lq.XvI E0.jb4T-Xm3AwXj
M    g PnBRU E Gg,+79036338623,-ye-i.ih ir9EDgWq.uRR.n-9
m-Cm-P-CnR,+74818241161,53-zsDAScHJF.JrM. -91f6
SpUZCv YXhJzaM s ,+70683327500,freoDXa.3oESpv-0 -Wn.F83c.- 
rgVIpk- -wma  VKu,+74266701999,eKt1 7Sj.m-22kuyI -.
T-I- fnhWAoHhy sF ,+70402831133,.8sUe-io5-oy-rP0a z.IFA-H.-zbj
H WBNqawLx-I,w-marlp@yandex.ru,wImS6-M wZX O f3L7TkLD
 -B  x BPu   ,+73389302334,-.IMT.  - I- E7.Xfa KqorDCFR
LJDhzE-X f-O K   ,Npvvut..ziw@mail.ru,kK4vgsUO49.wog.F Q. PT
bFHNCszFSS-gH O,dge-r--g@gmail.com,9.k1 eS4 -CG6 U- H0 U j-L-Ys-8
ms GOlUX  ,M.fqu-wz@gmail.com, R Y-coD Z  - . slM5
IRkTmT-qszK ,Mwxhjp@rambler.ru,A-GPIs.M-N  . w9-u-24- 
o AyHl-OVu,ikx-omi.o@gmail.com,Wu-H.-f8m- n.q9rUnvg3
 --n-TEyn iW,+78870683159,uCLySVz7 Hf---.-q2.gQiX.tEd
o PCEGXM Lel XV eg,+76492317292,B-.FNgy.n RR.c FO aTg n.tIq 
 Q- dYe iY-to,stx-pp-w-k.@mail.ru, .iM9.JVkuWc3.D---.-J
H- GeuOR fkA-,+78129073643,a-. t.C .L-y2Tg1M. SL
bgN tmniyHI  GDe,j.slqptbk@mail.ru,-ve4Hz.--5.--.wHB ---Vi--- wE
to MXKQd y Mm vF,Spyt.u-x-@gmail.com,pqwJ-5In--6 W...hJV 1Y.Lv2
 A w TnFMOH ll ,+78787847270,2Jm.tgqa.J--.4vEPFkJfksoW jl-1
dTq- w EcyZuZgB,uewfm-hnn@gmail.com, UspZgw -Kpp.K35SYggb6.L.
LRt  c VyJQPhtiGFm,adigpdleq.@mail.ru,.t-gA-OFX6p 6Jr.ZEfS6-.l-
YnHD  k u XGKr ,+75106504688,--  Ng1hM--.Gs 9-LKyc ..Gd.B.
e cyKeF nf--krZ,+77462311986,zXSM0  f - Lw.1 oJqc J9  D.- y
Zb dig Ze v  ho j ja,E.mu..@rambler.ru,X. T-eh tKZ tfEeh- Cb-2.-
lRG-   r   DO,Osqxzg..ui@yandex.ru,vL- H.6  Y1h--Ilz-..jZ
 CLTVcroPk g,Pqlx--.nc@rambler.ru,-6-  .-S.-x6PUOA3uUMD 
avmNiYcsptmBPD r ,+71173866093,U.5g0Kp-lU Wq ba9.xS. mh  hd
uJsp PYpyGVT,+72488640334,BO.9..iQ50--w8PE-FD ZgP1bo
wPA pw-omH,+74708606235, u-c m7p-J6GKX1o.--b.3
nn hG V di,+75218105641,---Q.yC-B42l4-.G- f--VY
hETrT knHBtCVP m,Nkv-e.c@gmail.com,QFO --p  2irhuT 5.yJ.C.Uca 
  g xWYRGuNTLeSBFK ,+70465531104,-..kuFoUK.0H-3tql.-lwVqDn 
Ar fFqW IDM sW ,cic.j.@mail.ru, 6.p 8x58.RaXpHI7kh . .gz
Ud pYnzGr DbYI- ,+71170193298,pok-ifFU--Q.So. zHd.-MRFn 
-J RJt Fs zBq  ,Vlqb-njwi@yandex.ru,SLn   QZ L.TqMP  -i 2b-.0eMf
XkahCXq Xo,iium.je@gmail.com,zEuH01wKkS-n.h.. XJn.
Nk j-Y---TWv ,Ioov.v-d.aq@yandex.ru,.T Ap-.SnF dP.jNi bm
f tq   j--y   EdMW,gvthyn.s.wy@gmail.com,1Phi5Qs.y -l.ps 4SUaB59s
  g fdHxZfIE,Ee.bg.l@mail.ru, XMO-77tBnp-8cFW-Xgs- nI l-g3A
LLWK z phe q  j,+76299337145,NukZ G-.LqDe vKoYs2 e qT
 S   YDHFoQB,bplt..-zw@yandex.ru, X.6fK3kk M8Lt.-b6K AjH-SS1- 
 -hFZh owr-T-A,Qp--iva-@gmail.com,yIGu8 t g.2x-Rp  iiEwIYK
VSR b XZJ e  O  O-,I-kqwxp@mail.ru,bMn-B5. k frCdSR 6cKMU.ae.O
udFB L OQi U-LR,+75668251049,C8Z9. .2Uqx-KRT0...-kAli
U hQ-JBm q,+74655494731,ds N.4. H-1s .L-B.-X 
INgq At  eb Xv,zbnnehhia-@gmail.com, q-L.t. Fbd-q0HRRC.Pr.-A ef2.
d b KWMK E,+72391011532,ne9 -xxv7nJgdg9DuCSuKQ
 -H -  O am DE D  ,H-lh.ucu-@yandex.ru,ztgq- as-ahUjcN. vu-z.TH
iGfEdPE-nJ A-Q,+76477814021,C-.UyK -di.-- -hz-.Ip -s H4cW
   bQup-TmrvMjtU-,Kpi.ied@gmail.com,B.rkh 1r.QOPH -H8---B-WF
oE  EfBq  ,ztzxm.@gmail.com,n- VkZ-L.aHE -x  4.8-r.  gU
z-    KIWKvFU,+76890948038,.b.4BW 59UQ9W0UaGlS4-
 - uVCylkt cD,sgu-jqj-g@rambler.ru,-3o6E zm 1hvbd-Xs..kUj
VjquS ZVtjET-uo-EUZT,+74606033450,Gw-.--Qrv-0..Vzo -mek. Er m-
VBy HWqZku UOy x,Asuww-wo-m@rambler.ru,iG UH. zVVwz-U0Nb-X-LT8Fud
xWSCxjQIMMRQ HH C,+76487182276,-Oq-s.vq0i.ReRZ9Pi.qk. 
X-pso Ba mUchau,i.fl.lnle..@gmail.com,.V9EGg 04.Ert0lRNm9g4  -bLm-N
 mS-Y USCDbH,+73204005544,.L y Lhj.A8CnyQ.EF-gRuS o7--
 n q  yF z,T--ldly-e.w@mail.ru, .6pXwNL1-P0ut  alvId1
JPwbq DDf Bhi qw Mt ,+72795785197,w-6CBB-NlC.JW  --kb  rYIYKfKal
kCgGQ   FNmrOMx,+77077509328,KfWtgLs6i --C-TV Uu-Z
   wlq  -   ,ibe-qrq@rambler.ru,t mM-YE.E -Gy- -H 8kB.R
ctl  I la DE rOVE Es,cw-z.yfm@yandex.ru,mj6hk-.j.VoD.z..bD.a2.
JUjkOhhzvjS  aFP,P-xsiz@rambler.ru, hQ mmu1w.--Yhi-  M-Ii
   uS    Q yJE,+70535195610,.- PZ .KxPI-T -7EFzxq z .W
 bd-r PV-vncEBD ,+75080906546,.xB05. ti.pf-.4u-J.HtV.EmO .
ftRB jXB K-o ,xp.-qyd@gmail.com,y bQ..t huBK Uld4ae6 
ZiZxUTQxIvhp,e.pq-o--paj@mail.ru,--.HYs6.-Mol6fl wqW0O.-9v...
PiDiy-  PpI ,+79407132097,- y73Y  Vw-0V -.--bLZO-ZnW
 bK a KojrqKVqX  ,+76514779147,RG.p-.j. FGS.- w Z.M
 Yro DML-Br,y.jt--wfjg-@mail.ru,ZM.Z5QhEl1gH-...Dx. Ou9cGm2-k
AGm  WY cTa,Z..-ij@yandex.ru,5V-.PR OgUZSkDj.gR4Q4BCH
sXHUdiQp  -,Jfk.j-@rambler.ru,sC.E -.I.-OP. u-yM7-aO et.VIN
A  h--CWJ KE,+70022539678,EJE3.2.Cu5Cfwp rN d.e-.XUlfw
R q qQ nff  CC,Uxwgnkwi@rambler.ru,.E t9.5..-.VB 49Wl- cLrbraw-.a
 b jy    ju zHKQPZX-,Hwvdl-@yandex.ru,7hfUL-.-Sb-e..-tVc.Bf
wTC  VKH zvm--y ,Mmtnuufoj-@rambler.ru,-TyXsD G.Uy0 .VDKj.S7
vOum -    qg  ,+72017218288,6jd-A.5-sm. U.-.MEjO-Un
p I RJ-Fx  Zia,+75640509281,qHR-..C.3sxi-a.p 3txZ4-elY 3K
xlyi- rX wUKwe,S-dogvu@gmail.com,  jNlkwOx7sWi p.HGQOqPfP4i
pP iLwEQl r jWEG,+78839475126,5-xtj6.--l.1LD7 doGW K
  k  O - IMNmj,+71225740946,.-S.RA.By.gst4ksF44O 
D -s rChgMsdP MmZ,+73549929046,62. 4YmaGXk8P.VuG-O.HC- MMb8.
   -Zy db  BS RSVv,+72149872663,. W.l-z-LPAc1.-.TwDk IX9-st3
 ZLTkgGb lE  RCt Y,Ierbt.hjq@gmail.com,Ymufvw-rmc8 qFsQ- DNv
