good,price
urcqjMYdDeSjCyy,124
GNngDxkbcni,282
rkomdjHDRxd,121
tLGgfVgdiXG,203
OerhYDFDPlOevUtRRsXa,485
GgGtEjLIxWXdOaqKIiE,381
oIIRuWErjcxHkwZFqG,316
NyQtrlCfchdxxA,332
LNGflacrWQJt,335
LgtbVlfCPWMKR,164
yVXkiplABmLRGeCuPAk,145
OmTHgbCWsiNONdawmpF,451
WzjOGfzfYcsonKvW,375
nZwPCMoWmisHDYSr,468
MSBcMnvWpMrZB,102
zvcgVMViXJZXMdBK,499
qiqEQGfpVFGCLWs,372
oflwNofaBc,178
TSfdlTdBxHRoSU,207
caJeIvbcJcTe,186
hSQfWcoYnkQXXgnBAF,375
PXDJOrEeKiC,387
UzlaNJqrQN,492
iVzdTNKvNG,286
EFWmuDLaAtWRccQ,71
KYHzotpuaAlbbYEQWnqu,283
jeSWCCeHfMppzp,309
wCRxZdwCYceMDJ,197
WndlrXgFNKibQGMUku,498
lUlTQFTiGfQvULwqN,301
kUksjDcSIRPF,57
vCxwOviGCfRKKYAmxhZh,278
HoybNxgEapTRlBpMWOu,175
DmsEwOTGpOuDTUK,121
VEDuFwfWKSwkXKxgrnsm,401
vPDqkXzVHlRvzWxQms,181
wnkWGWJGVfuBnk,176
eZvXRkOuJxWBpLYJfh,169
IrIzRDlcWCQsL,351
vLNdKMSVrYVdIi,69
bzyVuwwTXOWtMyMjOae,270
QqpyKHzJXJy,254
DNKYDNRoZETT,478
bLwVNbIFSAcLdosfBo,129
KupwfPQVYRUxO,370
ayRIOByvxSKQfSwd,366
dvTtQdHJyHoheeoQmjg,427
WaTFNDxUZbtOv,266
sjLsAuzfreu,356
BpYqHLiTypNuoEIq,178
IMTcWULuiM,204
aoZCJnNAjBuCZ,363
capducMrZni,62
pytRcwTNrVuzfScqOaR,344
YPDclxDdMeteSKKHGvd,153
aoMeeGwbrZTBaL,179
GfagSgtYloI,170
NGnXOtsVZTUHISy,291
dXxdgnzDgTjLzWVNteBA,167
GeGoEycaWARDxVALJZy,353
htShuoMsjJMui,136
hecDNOkaKDgWDieQ,144
HLlmZCJeuidXUzzm,459
VorSNGOvHGc,279
xeOtzkkNUZsSE,401
nFHcMOJeKwc,234
kkORpGTtrDfzw,365
mvoxFdyHYPsglox,295
VbCcHsdnOIaDZwEYjg,494
FFkfCZRqpWgBSBWbDrvK,476
lJNytnXfRuSXxqIuC,486
ndjChAqJcZpXn,458
GFraOvVDUPxE,447
rYlvMxlNIa,199
UjeZocpLTeKdf,194
JotKjYQeCTwhyxxLtYn,320
QERpssoDYvwKeAPdrt,62
BOivKhKOVHqzOvlhlpC,330
XkzVIcOzPpiAEcJpVT,411
oIQYeFFeNCOAWmmHP,135
mOsgSyyNDb,486
wqyMbYpeHgjmlMCMUXV,216
SZCmAIuVVM,429
sPeDMugcdCbnevA,281
kapamDrFxbfymg,235
GtgMFkDPQHfcNCxTcuEJ,181
FsZlrwMBMaoVu,240
dxCkuAejKMWTZZ,217
UWiIgTaeYq,246
PdjpVtLMrqMeD,359
amJedDNYIgJz,413
kiCdDzlucLfkhAOLM,250
lBSAbvkIROWp,319
PRBIFSGErBpalsFK,62
jnqmaLKKpjKQQlUMHim,353
bXhJBjkwHvRL,408
JstirsdsIFRkPPjvBTK,225
MjbyCOwHdGOjhggn,270
EQJVLytJjnYj,363
qqGBlXxmAWID,416
xLuwVsEIHNTOXiB,405
BUuOLaMMEztTZ,275
lFLSGHsqBYxvHuG,408
pejqhSHUAz,479
OPUIpXQsym,355
szLHlBGgeMxUJIP,111
ttKJunBgGgQ,265
OHjbecWhyIL,422
JMWocbnVFxKquON,405
GZaijFQQekgJ,242
eMUDcgrDTkCmcBMXBMXW,337
BPGdTvtHGpnKUsY,125
PqCiYfoIXrCW,114
NszBpJUeTHirYvyn,65
tlTkLVlygeEnry,182
CsQlbIOuxPHEvbedK,432
UbRQWQvbZZusbWY,387
yarGHenwFPIxNO,359
CaDYGgYrMpY,341
MRHLnPinKoN,154
TBVBWxDEJLvV,311
drUvcqrbqTlPIhnB,392
qSwHrWMvnpYbYkcLlF,99
uNOSSAMNjX,195
tTxKlbLUPymjAuy,182
mkoVavUdyhdeNAgD,475
uxcQQjWAsqnIjly,255
BANllDDQwfHkSyQklR,301
OAWrvywMQFQoOEyQQi,456
MzpxrcHAeMGevtlJaVE,363
xsaQFkfzxliSRvoxMY,262
hHAfYdyuoyKZtaNy,105
yfskLVwnzdRpEOgMz,132
kCViPRRWqKtoqbIU,62
wQZodgUgtkUdyADyTQ,274
yBxmgLaAsiT,226
woBZwRgClr,155
cvirhehTJeQX,343
aAphMFloYXw,484
MHszOrbyERBKHCDekKz,337
NJdZPQxSGILhbGsQQ,433
YfbkYwZBjF,95
vzwqAHTxEEH,419
yyOrRxrlmn,117
YDUHTNEZNj,350
OHLDMtFrORxrlCk,216
hAzsRwiKdAzsKZDxh,345
biRFjieKZEoNy,413
DctRSQOaGwWeUADI,65
naoPieofssuTjTqhDWRb,394
TynTspfSvjbCq,166
xdbGdGPvVpDGV,171
IeHTnuwZGNuQKSKDlW,74
GDhUHqUuFnOGyQX,209
WQBNLfpGQQSniasMep,250
eQPYzkPtQXJVZQVaz,376
TwmZJkjswPhkRZZveHyh,381
jbDSdtrRcWXVPtS,240
QISeAJNznPgCG,408
nxTOITvVtLDF,392
PuthNcbXSw,269
etFxGcgoSLzwsljXlyR,227
yodDyXEXRs,412
sSJNPpUSMlb,142
ROtjQZvXkHbMcFl,278
TDPOuHrQUSrkFBUkZQAQ,143
IkeAGZWIioGzkeHzF,473
EmVbazSoRUEIU,498
rPbCnJcvkaoscleqDT,100
auACPRbxrrtSsxFfN,188
eVwfsaWpndu,72
LlREKVBleJUAfioUZpv,196
eUOONCUNXsODuWFEOR,310
hSlAhFNimRCQhsdai,474
TUBpYVGLaAzdIOdk,281
PkxXJZOiUahAkiYKpPV,433
gExxrRKLYnBLB,372
KNvYfpwHfJPtI,356
WUSrKMvWCkfwgNgdw,400
aMqwdJsQoHsvBQpY,194
PYcnhiDAiUKHPTud,144
GIWZlVWjGAtGba,458
RkjYMXHnpsQGTP,258
LEaWKxqBOFCL,342
XimQudVldRdifFVFHtiV,266
eMiAmbbgWF,463
eMOQHVsXciLPPwsbPBa,348
CgFTsjaOBadTMfctA,303
nXFlSsWtGtIFGqcvxA,232
lwDLCtcXQDt,198
IudKFsKTrsTfzeog,151
tJtQzpbqggCycUTT,254
vvcihkBCweCpkvKefb,277
zKETaWooUhEfRBxaX,121
XIuZNAZewusVfaLhcJy,319
OwZIgZQyFkuR,359
HTHMIXHGxocO,294
KOwsNuqcnBqL,184
WtNPCCwkQlN,57
potehxnfHd,303
YMIMtnWOijfknfgJpj,461
iZupDkPCSjoM,136
dRciENVlCSpmtB,110
nVGMnZWJKnbuVOigJ,187
eiXtjEBasGLDBFN,205
vbXHHxiVbwc,369
omYecynBiUOixh,227
gUrZaSnmrf,210
PHKBvmnqBfSbfGgvT,90
jvYrvBChDvvnPnsY,499
cIQtlTwSlPgCH,436
QYpHFwSLLMIGWxwXLFIn,209
SehocoGfoZlqROx,171
JyoicLvRqLLWPEay,125
YSMKdvAoFCPl,213
sbeqGNdUCc,405
caQsRCMrKJLnXncrfisd,326
FAJJfacrGYfMxbkvJQ,231
KwsUZNgJuliRQT,234
nPTwEFWsfLQPDTi,224
msLawtFbOUr,76
tAKXkjaVWBqbh,167
AQPODLGLpzZATf,378
ujXkiokELcwa,167
qqQztLEmGPFhVLbKJZd,242
SClpKWUoCezLyCmFAnzV,119
dUjmxXsmQyGgThnbJh,303
pOwBgBzsQkTgVHNXDkW,267
NERIBpgggSgRK,105
iWPQkOvnFp,276
zshNrwkdnLKgFqa,309
WIvCfESIIAmYDYhbZ,74
alSihfmmPBwIblTFHHwU,123
SvGgsrjiWBEZXKfvFDnD,275
jPwtsiQveNf,291
GRwLzunAnfty,427
xCcYlxWcsjXcDuER,198
zPnOFfjPJTuewZNMMynK,356
xJANAxhvZM,166
AtrYzWVKiGMrVQe,180
allfScyvzzsFmbKSuEq,427
QbCifhkcoasNRH,72
yKLJsGlrevAevkujUezS,340
thKDAeEGDDRcHLQXIadl,173
FFfBpjZWcksRMt,86
bYikVPnEsHT,399
USizEidyduJSkPDLI,201
FTdXwAhIrCGumh,405
CCeRCjRpDl,375
STwjyBHCmtDOunoK,405
MZJVmMTHvrtl,265
NkybgXDRAbbjjqb,221
nECBnfgsGLQdSqSXrb,207
qwsLOcerZzkACVo,252
cNEsynjbeRNNFBdmXrb,338
frAwMrVeuf,198
YzvSOQARbxJsQdG,462
cazQHSofqaWgKm,78
fSBdUlgzWfHjrOznuB,474
CMMTnGMBjuNQmCUCO,311
zKomCRdjotpzer,394
PIqmAYdIeXPkJWEh,168
DzcKxkrEabhMykwlu,316
jntPKXrzNsUWpMYROqdx,138
KlzDiMFJaluqgwF,458
eqMqeWUzxRieiPjjx,484
uIyOUhGDEvwr,371
rZdPocLOwEpJoypcDKaV,323
tSnOaBvdrVinbFZoCXFe,144
qEBPLcPUyHowhgWtu,488
PosFfPyknXBaLKo,280
stlUqZIwqeMtcxRbrw,124
eVZNsPhbppLQnkQNk,56
tCIlxKzxpUCwSpkL,178
fxwJqBFPLUBgg,466
CnuEJDzbNVV,349
bJWPmecheOXS,111
skloHnbDxlBDRfjEWXk,425
PmNaquIWDjCBCXxJNTLC,224
mIThNgSATHWswo,447
PaIPsXmpvNrIvncTcGdc,496
wIxaVmFkVAgelAX,122
NBAyYromQaPcfDx,219
pWIbpmGEexbxTHurxVq,111
jLxjEvdiEYTBGrnegg,70
hQQIRfVaKp,426
JyWVJLVBwRXjxiQU,276
OVqHhffuCqBuLzJa,296
TXoJHzENwyQQTCZC,260
xKDchQblEQ,445
scNfuWYSbwFPxEcIfgL,326
BbuyZKsVRWtWhKvjQtUK,175
lvLGfopSrV,416
cXZfTOAzbskiWKXRYCz,193
QwQzyxmJkRVRMRXpK,196
gfaKBdqwpKFR,410
otqWvrfOihHPyULFqk,82
ZhTaWYUmaoKSqp,499
qDquygREEbaXvMCBKc,204
WTqoZfnRQNLcoyvV,354
WYlpfMOMicXpe,245
goBTXhDeKNsPdOwuis,274
viFSGZpEhzonsGbVzlR,388
FPBuxjVFZQBAp,93
WjfwsprfcjxqHfrPCNp,168
OIrmOVEeFQhbvrRw,452
rKuDCPLHne,58
NMIObQLasFjwvRZYoiDa,391
HGiPKYBQPkOnYnSotJcd,193
VkTxigJDZUdC,195
bgDsqBCybcqCIx,177
ECGnZANtyfinJu,312
JMSxYFaWUQQ,491
lWHpWuGfdBCrSP,266
GukpLhfVTnnHTeLfqz,211
uAdULTFNGjTnkGFFP,328
aIZqUpDCkwWr,291
gMyiImhDCjtfGekdw,144
OcmIwOYzzdk,485
kwWRIijRZDKsYlhZ,115
MQlVefDZfKC,347
WoqxepWRgsMz,240
OSlZgFWlAD,281
LmpEkxTFdm,288
AjEdPcMYtD,423
wbjsiHXmRshzw,155
obJyZWoWsGTLsWJDfx,288
zZJFwLDGhITZDb,73
VWpoTaKLKGkpfTu,341
yNIKWadLOpisKKRXgkvE,401
EAzrypYPZIM,120
iQowDZLKLATuLkEEs,474
HcJczivBBIIVwBxCPt,223
fcaePvBKbgedMCTvQk,184
XcWDxWDjxXRV,82
hTvgfmtzSpIScjv,428
AfcyzJPfUKAMtKBnCLU,169
urGjFtbRGOsRvZDtaDsK,384
JEheQhcpTHddEdMg,72
CkEGPEmpJBesbTGN,363
LrAAxWwieVm,320
TnhujMNXqmUpXLBLIndV,317
rXraHEmYRXRl,88
cdNBKmHOyutbZag,394
XhZWgVVUmRgHVhFpQR,248
oWbHpvybJnTzvu,384
TdIotfyljUFfaipVF,325
WLyYxoeQqXxEhZBZkNMa,404
fCzQNHyCjzXsouyMZoDg,437
RkxmFiDBYGpQWWgdXtfm,245
QjPeNRSbKGAIcux,94
xMlzlvDDJTDvthOtPZz,335
FsUZyxDFbMBTrIX,197
JicechONCUzLghaBTXPQ,122
CaNUVEmxNafhfoiJmvk,95
fsSHfyuCavtFd,228
ATRuzHQYeEZJUZi,261
giylMIKdfHOKN,337
JyfedjcMeyD,411
FwZOuMgBZOY,459
mQcdXptMbqY,416
DEQPtCMBsgVl,361
jgTnYrvOXqWtwHnnVYyU,405
WWVYzsSHDgzbwPtEa,260
jKVggjySxnbCpHZfFOUQ,140
qaWCmIXMHhlKtKlJSa,230
yNiPhwrRBFs,476
HRpQnGoDqTqMINVeOw,174
pUPiGHFcTDXRPpTKpAb,301
CifimAMxHYVH,143
cQZMeXVDiCLlfdE,474
uVPFbzndVUTN,419
dvWiyQcKUBbswT,320
IXvQrZqEjIvHzpTpIJS,145
XlAuBKANWW,154
zhcQHOdSutdyXQ,376
BogQhnDoAPaGJj,423
QElecupuIU,147
HryUmsPNBrY,148
vxaEhAXzCWs,239
GkkESYGovkMCUaZM,86
AtNOrDxqxIHn,95
qHkuDoUqpmaXEBF,186
rHXdmqJZlUrJH,202
jGFbEekQbnkBDfp,254
VhGICBdjLhAOPbN,452
mSpUztHjcv,326
KUcZBohHLqvrwmwGGooK,311
QSmBLqbMwQwsn,486
HIzRVorbjt,431
vUkBMcXcUhWXbsQ,221
vjyuQgpqgFO,86
PefQUaFrTUnHWbHfA,412
UEjbptIzCGDSjjdZj,84
UvHmzbwREY,171
XQKceUXiFUrFJoIXDQ,474
lOHnSgRoLRlseujtmAN,496
Bnvoqtbeel,456
HuDaVRMrAcQoCuRWtEB,155
viryPRagtPJcVzL,232
mzqxjjsRpHK,408
ZbJEqcKjVenVSPDKmtfP,468
mGdjIpvgONZMaQulrS,304
WfilfAPjvJfUPjSnb,111
lBQlAabVOlprdNl,59
aCOhahPtCtKUxWZ,407
WEwIpWOoGOpZMuJsRN,154
cBkNLbXGGeT,393
lezBjeMbTJPCvA,127
URUYgUmGhkLCIcEQtE,416
PsZyaFylkvySmBszn,351
oxpWskDEObW,397
FtnmUPTiaJc,70
pSGZEqUWQFxDSvNFuvc,68
olXZReOzawGcUCWnszi,375
JuqUVxJslvivnVL,83
gglfrcltbrePQPWVgWY,442
YugXWYGDqidajnsrwS,496
cSCGCrXxhbzyrBP,57
CjxPAeTocUIU,195
rcGPLGtzMZoPhbKPL,266
BYjHlKdRlYUJyTtUUj,487
vZtMHdXooZyf,326
QfCNKokBMliWYX,136
BeffyQoyExUOUzVDlkx,122
gixHcljOxWxa,341
JeTQdlLNckbrpkpB,150
GyUKbQpEEkxazVGrMyh,295
grfvOacbjurqLaAci,366
PZCIifiopS,131
evWaUpBzFjTaApxzOEi,289
LPrKVcmlvdSNKjq,410
VFNmcDrFjgiv,168
VakjGtnCoRBQ,405
rvBqgCUOUymal,83
nRZKwbqRIjGQ,346
rFFhbvNhwBOGeqWq,393
rsLumxOuUOUplN,167
PRiepokkEfXRdAWm,406
dXrmwmkYPUxZwoeqFtp,437
gMOGFhbVjKTxsfiECPL,402
ysOMSqevRcoTfKC,243
GiOKlKukxx,471
TIIcdBqeMJQOibA,451
bLNFGkrWSwUZKMoWwoP,91
QcpYpRcmaGIM,500
AOQjfrxUOjWG,392
qDqYEisocuvrGljE,419
IbDMDfqsUdgjSvVqd,299
lZirCPcNgrkOexAo,75
FIgLHoTbnZCCyIimqGsc,142
jqBzCjdlWI,73
RdbOOIOvIXSioRnT,107
ooxjBeVyENVvnnPoeB,376
rMCPbxnPgAOZBy,462
ljFZmvOKzMtsFE,386
fBWwHaNUYZinNfGbJpG,173
FKWhJOwKXG,461
oSgsGwSnjWXXodtUUYJ,218
dRYxQgYEmpTRSihuVrN,185
nktVHZOneuwjgLwimRg,346
wiBcaHZIZlldMk,317
JLPcrbIrToZOUXq,453
ZFPbtxIfVuJYluIDL,323
wGRbwHdfwniamKcx,349
fKgUllOQVWhKXOyzmZ,107
BsThfZQtHrfsASKTbl,408
mhoiqzqUiz,81
iKfMEgmdPn,121
CQVphkXzGzJjglSHPqiB,65
ZVGyWCOLyuRTjqDlAl,187
mbOJqJUPORQWZqj,70
DcAvUvlKdzMvDZ,131
FdlrQExtRSha,488
XqbexeQQUkhrf,436
VmPIKVJsZfinhZ,130
hEWrOkRshxtjTqRE,483
RrFLvAHVIHZeQ,102
ehMGgzpPJjZbQjK,425
njrnBrgflGy,63
AsQKFemeiC,290
BETenAdxEJftQGvQPsJ,72
qFRrEoAvZrCxB,243
jtfZmUJlHDOMYQ,392
errXRltHYFOIEaVRJoNT,212
ZBadCGFvyGcaWTW,417
jevriYBAmKI,370
bPXPRUZzpI,264
mfxxsPjfYvTgHsFaHj,291
ohHgiDtdCmRbmUlPZuWP,402
xAqpaHswKsS,438
cYZjzbYBvopSvY,308
zKkfSnNmgXmzxQS,474
KLbwWYLgcyseDOeYZC,160
IJgxtqWLvBocBYF,278
AovLcWhGiYyuJ,76
PEPBJMkIeaPHlGtF,120
kMDxjNfoigjW,252
foaKXjhjbaLghDpzqAk,105
sWeXqEMlbL,441
rwJbSmxCCuZnOKRfkH,457
lABkiiojDZFKeXenM,484
mPZAQWiCwnHXiytdm,464
YkwErwZztoQBAMZTYk,220
ttUYleBzdVksNHyDZJ,230
WBinJIcLiVVql,188
cRXuEMSDRtEaYBdGXWR,166
zfuWQCZkDWUTUTxj,421
gTUTNdUMCMwG,85
ReLqjfZPzaHXP,141
NfFDvcBvPmzSo,469
VKQSDCWSzw,226
oMFiIGKwkfMvNhxYXwK,109
oxKgRufhirxQEzl,189
QoGpmdJWTmuiXbhOZEY,257
vZVfQWZBCuU,270
nbBIIDvixDejSTA,112
POXQxKxcWeCzLeTmh,256
alFTHpxfUVFgtkoYs,159
XshSkaYigfVSk,359
yrvlDgCgAPPk,122
vYKqLXKFQCfhxGkQ,386
gSnjGywfMUirfrGcwyn,332
chUWYmocNdtCdSvTqOd,256
fosPyMDAAKeOaNW,443
rvOMrxydJcRmT,477
QkjHrxpOyuAq,452
NZkLKUKIulygWOUvu,72
oSUyDSahhoLoxE,431
rNNszONHLSWZjoKTmvC,206
CRTBupjAIfiuAGn,210
cmtasoAPbZalf,160
OncbTfJddhA,87
SYhqWbQoibuzNGwOdOk,337
HnFflQujluy,195
iiHbCJmhEITJajtBWgou,430
wTmXiNNtKLgrfG,150
pzAEDFCBFAaqWSClVL,305
hCSHXJxYhkSHKbMJ,80
fNDnBPnGoCvjstEuzC,485
XXhNrYOKtKOcDMhuqgw,201
ZpinEJUzKveXofgwg,92
qNnYWNSdKKMQycwJgX,154
ljuiAygMjXmemm,115
EQNRKJknunNWMigm,416
ifMtwRJoVjpbMvmzH,138
hVuGCjjLyFu,238
dXBfVzzcsgDz,168
HeMfMBQvmSnwbfRxpHiq,401
hquyGwRDEnd,172
lJVcqfQLEMRodMzdvNmu,78
rDRfHOAHCSavzoMYP,177
tbIkjymcFHPzedgMCwwR,430
iAtErFjsAzzEahXi,98
tcXCbkJbOrgAvxNS,375
ardFqAZswOK,185
sBBEWlwKbKCNAt,111
zdYejmmENTYdb,63
hrocWBfReM,392
mHcVunlCvkgzQVad,219
sYEASTjpwgjI,366
WETmSUymqzAanbAqo,461
hBRTkcFyetbo,480
lsQuYZJwRCQtqcChDQ,458
QqKjVsfDPPenGlaeg,120
PZWQKSEFBsECWH,141
pDdYcrUduqBzqN,402
lrcJPUchpkPfVo,195
aUSUZZdBBVZFH,191
CVxRuYlRGdrmCTqqADDk,225
IgQgyFAEGNpv,162
oyYNbGwWcfqrf,112
zpgcbZIRnqtEv,355
VVqWflyhzQCAv,111
EtOeCMETInZgHWIh,275
pnwAjdxIDRlzszb,147
cEGqYsNWZaCoOEqCoXl,305
nWdkaIcgyunY,260
tGordlIUuWK,346
KVUOBNTsjbtJlQGvdnvX,252
jgbfeRULmOseyAO,54
ShrtqvsSAKUMFKl,495
OOkHSYcGxGFY,142
FrQKOdFDbNKJhMBFrn,132
fFpTIDxQAfoAYjXS,77
zhwsNdeAieF,51
irDkTrbUIBJeoUD,221
XAThcgNBwnUsZ,399
dBXOTnHogJY,420
qahYlbBWKM,306
fhCMPKbJAFyiQAAEBzrX,193
hxSRQJbXpDGPGhljL,416
bRFGyRcmgpTmexPV,197
VjJfKJqIBqbdfpCaO,334
QDcwdSwhnztGZ,94
tkwhOPzfvTiColqBbe,216
TOgeEAgndYWje,303
KiBUhfDFsuXAOTQBSBp,286
XXatbPTqVmFsPi,496
QiNirwfaNj,53
TJsBZLoevOhj,210
gBNoUUZBQVY,489
voVefAxLmT,460
yrHdeTOULCeIGIi,229
ObrWhzzMLhjcwVxkU,441
QmYPPomsRqfJkVTyXU,244
ZeCDJuSdLSMNwQarPMg,53
JNjivINpeQDwFlB,130
jXUgXHsrqqoeCzjovGjm,443
MjDIZSIEyCGwAk,129
IUmquttaEUyJjfcV,125
DbrwkrayDhscPh,448
oeeRqvAyCgFiaDtJGvZ,473
LVNdpPiZPVJeeyGM,229
QehaDnXJvy,112
AtzcTzSBMwGAKxJOJR,329
vhTWJMofiNaC,491
aDLZSPSmwxClpAYeQ,137
SiHLvXFRATyqJ,120
ISeXZRyWYljnARfs,99
bJLerbwsLE,153
dsGaDlJRFPKci,432
AtliUeydglRn,271
xlxFWygmIDlQtCFNbBg,464
gJPQoQuirgxRGCIEc,289
jIwstvBuYqRZfcTNDZzx,493
AhGfvTbztigOMvcADcjQ,200
SDaVZqYxfvQ,291
wPIscIhvqFpMLuh,318
ppimnLfAllxDWj,249
fmeVcNMKgIGpPBu,317
pMZreLbKgsfFzOfr,143
qoXlrHBKPakwZ,308
iKFDJLhpFmTVhDmkKv,391
iAFYsQDqug,332
vDvqATnBmBzfWvVBG,335
VTqWgHviOcMgOQWRYl,202
NgFqkuBDzMZ,119
zpbOVnWKgSz,376
ZVeysoJZBwAwwNG,141
choHPzCTpMav,415
wadOGdYJPnu,55
yijXpBErWIAWOww,259
sOLemQbAbuSJcaggOTAm,111
ioBAvYDErIqfiWKSAbaK,54
NsHjEUOsQjeHU,163
XeFICFeyomQu,388
fGNtrtnsukvB,497
ZTmuicNiGOf,322
oyQjOYPPbdoIBTagZDIb,203
AGXlZTyOauXNgKNAv,172
TnRWIlqWaMpDcA,500
VRmhSQBELwunJsv,227
mDZosexvBrJmPF,203
iNDrlJsDFgaoBWIK,227
hgVqPfXPIGSRwuXF,175
fxVYlWdqCi,442
qrSitglsjCmufxEyI,247
mArbwVJTBODKKgCXu,332
BdWrJEYodObcleyp,210
KXfWtXTjUHqQDROSi,466
jPFlmCIdeSdF,289
EQtqBVmvXi,295
NrsQKdtnrcckTheO,84
GQcmCQBwlPJKJTF,355
cNHQkAWfnWDt,61
KGOzuvFbBtIo,71
WkFQAsBCeeXz,87
OZLZYwEJaCBasx,377
ARNrbnqDFIRhInV,357
hOQqqUXNzIqaXl,280
iFltRGdIaHZMRCgM,160
IZYxtJpOHIpjxZcxFB,281
RXfErSctLnRQ,240
eStKxqgbQlWw,383
WusxZFpgovgiGBn,162
AcVaCUuIQhjTttQ,205
HTijlHwUCUkZZjMKgRs,175
pmSOSSjszTgmTUdZB,230
OAYcbrzTEbfNnXqt,381
bnhaUWBSnqR,177
XWcOFsFDCwujFShKWJ,202
wJCQVEIObfV,198
KNcPsbQWlDIGczPfFoa,327
yjhoryEDnp,92
IyrhlptQHmXgpUPfNZtQ,217
NtYTfeUjpnJogMaYRqjQ,54
eAsFjYkJVrKxEksvQvI,389
CqIKpSDnFxvbayrjXHEC,226
eRDnSNWilokEiuZaP,460
GKbguKVXSONHKKkAXoO,392
kKEahtxuTuCLchtXKpi,199
fgyPTarbgTFAEC,227
HGWzQjkNIVFcXYcr,158
AFVvCXFGHPVsrcRgi,190
fGcfyRfmSVCRTNPd,176
KTtYrnPABHwYdOXVQbO,103
lDIJvHTJZZoZGfKnjqwa,410
nBTXdbHoMDPZhL,395
WygWltEzmIl,398
mUdwwVglGen,294
uQgppcaasCmDzg,355
PlrspxueIyeZpIJ,355
ggwXnfejzgdyp,398
TMfsujjehpmCOf,231
grDpEAnydxYEMIlJh,176
cbDsTMXxql,113
wkrtMiGrySH,304
HjyhgruKUBBssSH,184
riELvLIwuIjuhbTb,152
oKHxpEHBVHsrGUtivf,283
rNeyKHwWxntBisz,119
KzVLNVbFPgwRIRFxs,139
gwyYQabySPXIQERu,373
PgXrONXujdh,404
BpGsfFFdaXkTTARmsH,198
tNUDgWCuiEUjgPFrRP,231
SUJHOOxoTiBOMOwiT,216
VqMwjekezLDspRfJeeLi,403
fAMdXEBLkqMYZcNyNvj,241
isibPzOJjvSrQksVaQ,311
bjjdpRaTemSoOyIIc,165
jMGDOsBWvWMdJFpV,394
CKgzttlfseNmkZhslmR,469
DaTVlMXxWEigYndHZ,407
lFVJEZEPDgncFlirLSj,126
MsMDczECsuAMIU,291
RrikLLQRpvzB,324
EjgeZRnqilGDqIOpyWX,213
quCtaWXeHrR,64
sizvUGCfWFAVDAfNuW,285
KlSMwFNutmKRulGr,370
CBjKUNgWIVqWCouzAQm,353
aELynqQCMtwD,73
QadxYdCPZYP,253
zbSKWhBoAY,281
fSDdvGbslOwGPGL,391
HRoGkSSCMCKKqFxqZl,497
szBSCCLScoqfDs,118
dBNorCedwqfVPUxwt,279
VVFFDcSQLk,381
JfbCwPzaqcX,384
qmNqRSHCeM,355
RzYZqWzJIvfDAiS,452
rvkHmkdNZX,395
jozantSUiFUajVo,359
lyrUVYqMuHKfdErCH,189
WcKisAYbudLZWsJ,341
gbUvXaCtRynXHqnAoVkY,291
ouSoIUkQbStKXClxedj,180
ZerXjQCpHRzsB,303
yNQIlelPFaEjnZsMWS,87
PhHKIkvhhvZzzG,261
jOQNxcKoeGxCP,153
jmECHmxyhYlowFK,389
BgoNFTDKELsGWA,499
swjtzTxOyhhffJBGaf,340
laZIuTwdoATBLsu,270
nMimtfUqESjfYXHZIoh,211
tRZoIIITRGpRLP,287
mITzwBzKzqamsHfdk,95
hxPNhUZnoMMZlGeXDUf,388
fRbbfDjuedBPefuP,150
ADWUzvcYLAcq,311
qdOBavBRzHYthARn,347
qFzkxnxoqXMt,135
chkprUiAFVGIpEzPFXO,126
bjygiQAeDD,268
eLaoLeCeYjeSQ,368
rnLrRRuMIBWmvkgqHzL,189
xUHBYfKqfbNXDTaDK,416
YXPJSCgwwd,496
gHaVQeXetLXFP,496
bKwhBIHmSNadeew,273
aetZdXphnIajZgM,325
pGhQTmwjjhcoJfslSJ,77
ZKLVoxIVjnbcIUdoD,468
hLLbbDPKPlKEnVX,100
iMSULEJnIEzFk,61
sylcWhKEtAFmcr,339
yoZuLHdOOQEuL,174
JGqaKEJxaoDTLxyhB,67
DEqblEKleQXEj,285
IxRaIsRvRkaYYkmVon,335
pwEvasjVUVeUoG,408
ztJTBNEPzOdRbsKbNPZQ,468
oTMSdtxnoCQGvVLcTH,94
YHODGajusffea,55
zfsbwfEtXHVgXqLIBNHZ,295
kUclShrGgaeuP,166
ykvuUgeISoYzWyHuhT,485
rVvRMvjLJq,196
jCCeorgwBELZQDDCuo,99
XXRJMldFZUdTfiI,375
ipBqOOFyfVYZVgZWqb,296
SAvbblTdNqHRJ,429
OjUJqRweNbE,120
xHboxmWRQF,321
AbwgpJJnBzJTg,499
zppRSgdIvGHYw,108
FQjzHutrLTlgWe,394
xoKjwzIZuOWg,275
SeGRRiFakaHJuqYFIYd,481
rVdRfPpmFlzXdOzPmP,440
qKRwuJLCWROaj,356
GPjptcFcEYlfiPIZTkoC,368
GULiBqLbWZR,116
lckXIjBQZPOJSdfDGXTx,457
IXyHVpqdUwHzMGaZwf,82
zenhuMmobPYTd,447
iJXJOTSBOVKOJNtSh,417
CTOubtVfgV,403
TFpfYlWGDuuRkDyCc,239
sqQpBFeHuGLmkOJUvFk,241
ZMlYaDvYjOfT,330
NsExIljxEubzBuBsA,133
QaTLGMIQfDOq,220
YfueWxkDCMEro,173
jkEZrufTGrvDcMU,52
GrmKMghXqpZFOf,97
EbdThTEExHpfy,283
GxmLnvuzpUzz,108
FjEYWMxicnzZG,347
ZdmqttpqZVnyYRmeocHz,286
VXhSqMOuhrNwtVzFqGe,365
ufwPFGmpnnkRt,194
qvwrtzxfdsbgvx,70
TuYwxJubuR,247
QKavJtBesBQ,408
JoFVRoUMORHo,168
FmBBIfTojFVc,230
qDafeCVtyFwVEbiHnLb,338
VpecMrxloOqbOt,212
XkKHxCIWnYbYLhY,146
UCRjdsneWMjYreJwCtol,447
GkxVkzXAKtWBo,280
cfBLKFAJTbElo,487
ieRtFgDipnMEIsdAHxG,500
nsSGHZCOHEAVqdPD,239
RMDpMycgKfovCN,172
ydXmcnHMON,123
AazXsPMMTIMwUUD,77
MQrQNgcIfQFjL,475
PPsFuzwvNrUOIUougud,373
HHVRGwsyTnfmJPS,500
GHLUczoaADKgybJ,337
OOvYbWOnkfrtSWefe,411
GASCvTDMkMhLlZb,361
ZKwxTGXmUEXHtnsv,153
GjfvnLjHEw,358
RMvGykkXcKHT,188
GYZntdDGQTuOiOL,101
rpoqQTBkTwdAkQZoG,258
aBwjJVZGIyjAqKxuDqZp,337
CjEWsyRWAh,489
MGIyBkYZzENGguAQBq,321
BIITtlbRBmWTvdyqUYej,297
fhAHnDEODRYZvKUlI,488
JXhhQsdFawQJIssUw,460
APTyZlYUIFRhjfk,206
jeccEYYoqofebVMqyH,56
ZqUcaBgZQJYVogNM,134
XlcPbIEzpQx,365
zUqzFWOfbsfpYmP,376
sugKuwyvxvMRo,152
YUwHvLdyUbd,492
fHaXXUtCzlr,51
gvzKmTrNMLm,454
RxIxOJYjvilFYN,187
wOVjcQmmMv,62
TDCiJFZpYZeOKgYdGfxj,238
MaFfEVQEFfwTZXsTrPL,494
PUbeHHUhmqVFf,252
KAyqQzEKXZ,314
xNXBcEgubSRWSQrg,67
zlsyJsABYIXVqEQMXF,191
JVYPDGMBnAL,114
cCjddHNeihcCJFHMHm,473
bHDYERpGfAGF,266
BiTeWvinJtyLanuc,290
VCyglkYfZvyoL,384
iBfyqtFgYCHoM,60
FAbCGqyxdyBaBKZjDMf,342
wyIQxHqQKUwixY,308
fVDJZdFAZXyXHwH,270
NEkaxqoyuk,179
AgPbxrgOyhR,121
MkUXQMmKCu,397
UAMcJHNnQP,182
dkJQnkfaqzwapcg,215
vlbZXFfwBUCgIHjeXKlf,293
OzTMirmZZPbzVX,199
IpVLXBEJmEv,351
zoVPYmVMwkdcYNJ,455
bjPKHPjOCuVGCsnQsXD,90
rFPosHFMzZSn,400
vZIMRLVlVVUIfhJjLzIg,245
CcYFesOxCjNPdmljL,112
NzMtOovQKTAGysPFowZK,354
NOELTBSBbhxZ,189
JAqbkSokAHsg,287
iHYyUKyRKCnks,365
rdTPOJZfshFAxiGrbe,278
ChsnBqTkCjPpLkagOHr,196
gwIcxhdbwfhddmKV,398
rhyLTtJNodBgeiXXjDOr,66
AWwccxAmbnN,314
unKYndyMVsm,198
tayXgsWFpSw,190
hGScPGErlNZwWXi,68
xAJTjYLdvnIcEGBA,262
exAkEkaorvNuKY,328
JmYMpXSfacgXIyZnsY,284
VzvvorBXXtUzJ,404
CjiMJOiFmmI,188
uIvfQyMqwOIyMGfbvu,118
CThhtMZsknwulN,443
ivQThAEpWC,273
ZJubUbpNWHJzyLlGtlx,169
uVdwJaEdPMAHm,169
rgfaTlhezNTOKlEBKxW,373
BixEOGMaQv,178
oGoSIlvjcwV,84
heGQyENRJSZMdOan,491
VeOuDRiQKuFDrHjOK,465
TkfTiFTBvYFs,407
WuOFXxxnrSXWdVnPWPl,332
KsANZcMgbCKKbZ,358
jXjVMcszTfZUtIVRBEqx,399
KNkXQGVviZdKzfWvx,381
oNDaJSGVqZl,465
hiFPaEntSN,105
SqamcBeWPOkPmzUQklqv,342
cYgVRZIEoeeoeG,268
tbpFJJpdTWPdTTf,217
DWCgKrpbBWnb,198
zBKXAtnXiRkyEMsJ,123
UZKwRXUEjoubOsZ,164
eGVETzYyfvM,288
LzxPSMhcAJkmXBzK,211
TAlkrNImyKXy,392
JcAAnZOjDeluMH,66
xxmTiLihjQECh,150
tuRGUuQEVWBo,457
PbOhlNLEHSLvKZ,427
VIMWYdCQbrJQpQXVD,364
hazOqMScaZxwt,289
gvlTiPfCKayjQYDrx,272
BDvqepWMEXpYkahkyHz,296
bnNWcxPkKakSXtS,259
wxEwCFXroKjB,77
LFWrWmRyVJOrrZ,143
RIxQzlMaUkkkUUQiaRo,219
liZXYbbsYDZWgYoxs,273
BvmqceomSAbHs,349
ZAFHOkGNfgYRm,157
FjsqBTuBbKGZn,491
KwVrjYqiIKtHZVRb,339
HIGxUjmhhIQUWgr,421
GEqrmVIsDwE,303
rBAAhSYGKHq,153
KXIzbFKkGjQFh,411
tontPKkUMNxxDu,292
zJKHesaXCawLRxrHjs,146
CnInCWDIXcGDTT,293
cwIzfjeiypTmJBPeVsTy,108
ADWjUMFrgSeZND,481
baRTGUfBGoZTwGR,124
tkWyYzGfXMO,324
pXOKMNwMrZiMKOEj,376
GUwOOzCCuC,487
UfVUnFNwaCaiyCO,247
wvVJyfCUeLvtGkyohcy,228
WUukeZHCwc,130
WpvnkYEIIjOWgW,437
bBdRTbgGkmM,227
vfjOtvMEksvWrFXJg,250
BFipjkIiCsSipTOI,364
ZMenlmZdCwTSpTGIrIPO,85
VlFmjtMKnKs,367
JYQAVVFIERxVIAE,391
QZASuSpgHOHdjgEuKx,325
TaPzCfajNXyYGocZ,422
TongQxHnKn,110
IHgYwmVivdMdc,454
KsXjHKjgCOSqkpnblAM,334
dxTvNBkfqWSpNrqa,195
bRAksyHiDMPSGNCfDO,225
EFpWnmRrpt,72
ZpnmrktCwBWdXRmi,81
qAbThcqoaNQO,124
WXgAiOnBhxfxzSUSE,205
oUWalEpTRHaWfALwdm,78
jpFSLNCclz,369
hfGpPmQQyMozTDW,427
AjOPYpdWwEgEtfw,435
LemzSUyGfR,347
OKlanYSFWJmhCwGsNbQM,115
NzeXFYlFjsSSOpfoPUB,253
VUYyeiJkqikaNgnpHqjc,129
